,h,dt,ndof,l2u,h1u
0,0.25,<function dt at 0x7f8e88668c10>,425,0.6167633131091834,3.918041677457361
1,0.125,<function dt at 0x7f8e88668c10>,1906,0.136566595090568,1.8500100549571277
