,h,dt,ndof,l2u,h1u
0,0.25,<function dt at 0x7fbe3dd88c10>,425,0.8240443760530712,4.259227051609454
1,0.125,<function dt at 0x7fbe3dd88c10>,1906,0.22911942882937558,2.232000774541527
2,0.0625,<function dt at 0x7fbe3dd88c10>,7744,0.06564225309985398,1.1656497586410917
