,h,dt,ndof,l2u,h1u
0,0.25,<function dt at 0x7f58314f8c10>,425,0.792741571849165,4.232447575117854
1,0.125,<function dt at 0x7f58314f8c10>,1906,0.22128782487796392,2.2303130112189273
