,h,dt,ndof,l2u,h1u
0,0.25,<function dt at 0x7f420f37cca0>,425,0.1773450000407755,1.3274601799368866
1,0.125,<function dt at 0x7f420f37cca0>,1906,0.05184517909047746,0.756527017658232
2,0.0625,<function dt at 0x7f420f37cca0>,7744,0.016446336293937873,0.44312808917360963
3,0.03125,<function dt at 0x7f420f37cca0>,30917,0.0052607959256536305,0.2668393719528683
4,0.015625,<function dt at 0x7f420f37cca0>,124039,0.0017143873192208042,0.16503814461418817
