,h,dt,ndof,l2u,h1u
0,0.25,<function dt at 0x7f2bb5ee0ca0>,425,0.1950519660733861,1.4103819380060256
1,0.125,<function dt at 0x7f2bb5ee0ca0>,1906,0.05920261342975715,0.811664213014333
2,0.0625,<function dt at 0x7f2bb5ee0ca0>,7744,0.01829902891833941,0.47290593092336747
3,0.03125,<function dt at 0x7f2bb5ee0ca0>,30917,0.005851732221248461,0.2834507947900939
4,0.015625,<function dt at 0x7f2bb5ee0ca0>,124039,0.0019080703071943357,0.17361990371336078
