,h,dt,ndof,l2u,h1u
0,0.25,<function dt at 0x7f7e0f7acca0>,425,0.20012706946633246,1.4142181273112167
1,0.125,<function dt at 0x7f7e0f7acca0>,1906,0.057515988658072635,0.811880033550481
2,0.0625,<function dt at 0x7f7e0f7acca0>,7744,0.01830351178675031,0.47291471805906166
3,0.03125,<function dt at 0x7f7e0f7acca0>,30917,0.005851989436691717,0.2834506679159778
4,0.015625,<function dt at 0x7f7e0f7acca0>,124039,0.0019076560053485118,0.17361994043757886
