,h,dt,ndof,l2u,h1u
0,0.25,0.25,425.0,0.1468900543601415,1.342779228106019
