,h,ndof,l2u,h1u,l2p,h1p
0,0.5,2122.0,5.331817876398648,10.320396311660973,8.060984554200079,28.77384200086659
