,h,ndof,l2u,h1u,l2p,h1p
0,0.5,2122.0,5.331817876447337,10.320396311703806,8.060984554201287,28.773842000707347
